Experiment	Species	Unified_annotation	Display_Taxon	Genus	Species_name	Feature_ID	Representative_ASV	Family	Confidence	Identity_pct	Coverage_pct	Top_accession	Original_Taxon	Top_hit_description	Annotation_source
mortality	species1	Unclassified_Enterobacteriaceae sp.1	Unclassified_Enterobacteriaceae sp.1	Unclassified_Enterobacteriaceae		677929eac52be081cdae08a0b9c70eb2	ASV_1	Enterobacteriaceae	0.9199542586548484				d__Bacteria; p__Proteobacteria; c__Gammaproteobacteria; o__Enterobacterales; f__Enterobacteriaceae		standard_species_table_fallback
mortality	species2	Pantoea sp.1	Pantoea sp.1	Pantoea		073d0c62d1257a783d7508c138432fc4	ASV_2	Erwiniaceae	0.7475631407858365				d__Bacteria; p__Proteobacteria; c__Gammaproteobacteria; o__Enterobacterales; f__Erwiniaceae; g__Pantoea		standard_species_table_fallback
mortality	species3	Lysinibacillus sp.1	Lysinibacillus sp.1	Lysinibacillus		49a361dc4554ca6f03bc8d8bf47e329c	ASV_3	Planococcaceae	0.8964264768482084				d__Bacteria; p__Firmicutes; c__Bacilli; o__Bacillales; f__Planococcaceae; g__Lysinibacillus		standard_species_table_fallback
mortality	species4	Sphingobacterium sp.1	Sphingobacterium sp.1	Sphingobacterium		3bdf3962a4d6b9738dc1bfa095f6cc8e	ASV_6	Sphingobacteriaceae	0.999999999938278				d__Bacteria; p__Bacteroidota; c__Bacteroidia; o__Sphingobacteriales; f__Sphingobacteriaceae; g__Sphingobacterium		standard_species_table_fallback
mortality	species5	Bacillus sp.1	Bacillus sp.1	Bacillus		094226930fb6d71f02c7b6124105e94b	ASV_4	Bacillaceae	0.99956728557976				d__Bacteria; p__Firmicutes; c__Bacilli; o__Bacillales; f__Bacillaceae; g__Bacillus		standard_species_table_fallback
mortality	species6	Chryseobacterium sp.1	Chryseobacterium sp.1	Chryseobacterium		7a21c9fea813dd4d7670e06c68be9aa7	ASV_5	Weeksellaceae	0.999994501843706				d__Bacteria; p__Bacteroidota; c__Bacteroidia; o__Flavobacteriales; f__Weeksellaceae; g__Chryseobacterium		standard_species_table_fallback
mortality	species7	Burkholderia-Caballeronia-Paraburkholderia sp.1	Burkholderia-Caballeronia-Paraburkholderia sp.1	Burkholderia-Caballeronia-Paraburkholderia		6adb8b6a78ae13e075001f09dd220437	ASV_7	Burkholderiaceae	0.995804845994718				d__Bacteria; p__Proteobacteria; c__Gammaproteobacteria; o__Burkholderiales; f__Burkholderiaceae; g__Burkholderia-Caballeronia-Paraburkholderia		standard_species_table_fallback
mortality	species8	Aeromonas sp.1	Aeromonas sp.1	Aeromonas		6ba560a76661744bc65eed04953c1314	ASV_8	Aeromonadaceae	0.9669996180362124				d__Bacteria; p__Proteobacteria; c__Gammaproteobacteria; o__Aeromonadales; f__Aeromonadaceae; g__Aeromonas		standard_species_table_fallback
mortality	species9	Exiguobacterium sp.1	Exiguobacterium sp.1	Exiguobacterium		e55f7ffdc508fc02e0ce54bfb21e6038	ASV_9	Exiguobacteraceae	0.999812591534655				d__Bacteria; p__Firmicutes; c__Bacilli; o__Exiguobacterales; f__Exiguobacteraceae; g__Exiguobacterium		standard_species_table_fallback
mortality	species10	Allorhizobium-Neorhizobium-Pararhizobium-Rhizobium sp.1	Allorhizobium-Neorhizobium-Pararhizobium-Rhizobium sp.1	Allorhizobium-Neorhizobium-Pararhizobium-Rhizobium		2ce83ce8633190af0e5f51af6c6d7da8	ASV_10	Rhizobiaceae	0.9947522634641204				d__Bacteria; p__Proteobacteria; c__Alphaproteobacteria; o__Rhizobiales; f__Rhizobiaceae; g__Allorhizobium-Neorhizobium-Pararhizobium-Rhizobium		standard_species_table_fallback
mortality	species11	Burkholderia-Caballeronia-Paraburkholderia sp.2	Burkholderia-Caballeronia-Paraburkholderia sp.2	Burkholderia-Caballeronia-Paraburkholderia		5ea47811a8275ec5dadade92ce4f0434	ASV_11	Burkholderiaceae	0.9961010356432144				d__Bacteria; p__Proteobacteria; c__Gammaproteobacteria; o__Burkholderiales; f__Burkholderiaceae; g__Burkholderia-Caballeronia-Paraburkholderia		standard_species_table_fallback
mortality	species12	Stenotrophomonas sp.1	Stenotrophomonas sp.1	Stenotrophomonas		891019e319f5d8d088ed4f9379fd63ef	ASV_15	Xanthomonadaceae	0.9999695131911304				d__Bacteria; p__Proteobacteria; c__Gammaproteobacteria; o__Xanthomonadales; f__Xanthomonadaceae; g__Stenotrophomonas		standard_species_table_fallback
mortality	species13	Bacillus sp.2	Bacillus sp.2	Bacillus		0d87b112bc336b97248bf4757a668689	ASV_12	Bacillaceae	0.986896293436003				d__Bacteria; p__Firmicutes; c__Bacilli; o__Bacillales; f__Bacillaceae; g__Bacillus		standard_species_table_fallback
mortality	species14	Curtobacterium sp.1	Curtobacterium sp.1	Curtobacterium		e6e024215a635bef49488eb7fa1b8617	ASV_13	Microbacteriaceae	0.8343117898415494				d__Bacteria; p__Actinobacteriota; c__Actinobacteria; o__Micrococcales; f__Microbacteriaceae; g__Curtobacterium		standard_species_table_fallback
mortality	species15	Bacillus sp.3	Bacillus sp.3	Bacillus		d73835da51464de444e732fe62aec643	ASV_14	Bacillaceae	0.9982602604992497				d__Bacteria; p__Firmicutes; c__Bacilli; o__Bacillales; f__Bacillaceae; g__Bacillus		standard_species_table_fallback
mortality	species16	Pantoea sp.2	Pantoea sp.2	Pantoea		58a17f62f12580aeae1cef22307c50c2	ASV_16	Erwiniaceae	0.7733209729252979				d__Bacteria; p__Proteobacteria; c__Gammaproteobacteria; o__Enterobacterales; f__Erwiniaceae; g__Pantoea		standard_species_table_fallback
mortality	species17	Unclassified_Enterobacteriaceae sp.2	Unclassified_Enterobacteriaceae sp.2	Unclassified_Enterobacteriaceae		cf5c0e51bd37486974dfdca9d7533b3f	ASV_17	Enterobacteriaceae	0.9326042347725932				d__Bacteria; p__Proteobacteria; c__Gammaproteobacteria; o__Enterobacterales; f__Enterobacteriaceae		standard_species_table_fallback
mortality	species18	Unclassified_Enterobacteriaceae sp.3	Unclassified_Enterobacteriaceae sp.3	Unclassified_Enterobacteriaceae		e64eb564f1aaccc60803b5b801d08994	ASV_19	Enterobacteriaceae	0.8809999089398356				d__Bacteria; p__Proteobacteria; c__Gammaproteobacteria; o__Enterobacterales; f__Enterobacteriaceae		standard_species_table_fallback
mortality	species19	Chryseobacterium sp.2	Chryseobacterium sp.2	Chryseobacterium		bc3a0c5dd8735fe99f278579cc7285ac	ASV_20	Weeksellaceae	0.9999997713089764				d__Bacteria; p__Bacteroidota; c__Bacteroidia; o__Flavobacteriales; f__Weeksellaceae; g__Chryseobacterium		standard_species_table_fallback
mortality	species20	Pseudomonas sp.1	Pseudomonas sp.1	Pseudomonas		d8264276a0301fe25e0c7720d5a5a48c	ASV_21	Pseudomonadaceae	0.9999959002982652				d__Bacteria; p__Proteobacteria; c__Gammaproteobacteria; o__Pseudomonadales; f__Pseudomonadaceae; g__Pseudomonas		standard_species_table_fallback
mortality	species21	Bacillus sp.4	Bacillus sp.4	Bacillus		75e44d0bbc9811a1be230d6ebc46100e	ASV_22	Bacillaceae	0.9764461472535				d__Bacteria; p__Firmicutes; c__Bacilli; o__Bacillales; f__Bacillaceae; g__Bacillus		standard_species_table_fallback
mortality	species22	Stenotrophomonas sp.2	Stenotrophomonas sp.2	Stenotrophomonas		c56799e3f16cc3f704fdcf7a99b62526	ASV_26	Xanthomonadaceae	0.999942516423171				d__Bacteria; p__Proteobacteria; c__Gammaproteobacteria; o__Xanthomonadales; f__Xanthomonadaceae; g__Stenotrophomonas		standard_species_table_fallback
mortality	species23	Aeromonas sp.2	Aeromonas sp.2	Aeromonas		08f24644c7d2d96ca8a64052ea5560d8	ASV_24	Aeromonadaceae	0.9889039156787288				d__Bacteria; p__Proteobacteria; c__Gammaproteobacteria; o__Aeromonadales; f__Aeromonadaceae; g__Aeromonas		standard_species_table_fallback
mortality	species24	Microbacterium sp.1	Microbacterium sp.1	Microbacterium		6676c8881002eb829fcadf5f9928888f	ASV_25	Microbacteriaceae	0.9989187066576009				d__Bacteria; p__Actinobacteriota; c__Actinobacteria; o__Micrococcales; f__Microbacteriaceae; g__Microbacterium		standard_species_table_fallback
mortality	species25	Pandoraea sp.1	Pandoraea sp.1	Pandoraea		c6b8d1285bea42f3020727b4f5736b96	ASV_29	Burkholderiaceae	0.9906927465176204				d__Bacteria; p__Proteobacteria; c__Gammaproteobacteria; o__Burkholderiales; f__Burkholderiaceae; g__Pandoraea		standard_species_table_fallback
mortality	species26	Acinetobacter sp.1	Acinetobacter sp.1	Acinetobacter		50a3b56e0b7db75ee9daccf7a751ba41	ASV_27	Moraxellaceae	0.9999275996630986				d__Bacteria; p__Proteobacteria; c__Gammaproteobacteria; o__Pseudomonadales; f__Moraxellaceae; g__Acinetobacter		standard_species_table_fallback
mortality	species27	Burkholderia-Caballeronia-Paraburkholderia sp.3	Burkholderia-Caballeronia-Paraburkholderia sp.3	Burkholderia-Caballeronia-Paraburkholderia		63d58dbf438c92d67b1fd0a28ce0f360	ASV_28	Burkholderiaceae	0.993540674467501				d__Bacteria; p__Proteobacteria; c__Gammaproteobacteria; o__Burkholderiales; f__Burkholderiaceae; g__Burkholderia-Caballeronia-Paraburkholderia		standard_species_table_fallback
mortality	species28	Lysinibacillus sp.2	Lysinibacillus sp.2	Lysinibacillus		94d23d877a80d57247113bae6b5b489d	ASV_30	Planococcaceae	0.8065705502133454				d__Bacteria; p__Firmicutes; c__Bacilli; o__Bacillales; f__Planococcaceae; g__Lysinibacillus		standard_species_table_fallback
mortality	species29	Burkholderia-Caballeronia-Paraburkholderia sp.4	Burkholderia-Caballeronia-Paraburkholderia sp.4	Burkholderia-Caballeronia-Paraburkholderia		67d24dd997eaf59f2e98fa5e95c42f1e	ASV_31	Burkholderiaceae	0.9960578059836612				d__Bacteria; p__Proteobacteria; c__Gammaproteobacteria; o__Burkholderiales; f__Burkholderiaceae; g__Burkholderia-Caballeronia-Paraburkholderia		standard_species_table_fallback
mortality	species30	Unclassified_Planococcaceae sp.1	Unclassified_Planococcaceae sp.1	Unclassified_Planococcaceae		b51ac1e5196f4228a0793c0636a4358f	ASV_32	Planococcaceae	0.9968800460189704				d__Bacteria; p__Firmicutes; c__Bacilli; o__Bacillales; f__Planococcaceae		standard_species_table_fallback
mortality	species31	Bacillus sp.5	Bacillus sp.5	Bacillus		da1243b70ecbd0e5f42263fa6a28474e	ASV_33	Bacillaceae	0.9735048677927908				d__Bacteria; p__Firmicutes; c__Bacilli; o__Bacillales; f__Bacillaceae; g__Bacillus		standard_species_table_fallback
mortality	species32	Unclassified_Enterobacteriaceae sp.4	Unclassified_Enterobacteriaceae sp.4	Unclassified_Enterobacteriaceae		cacc6b9cc93f24ab84b9975cb487e24a	ASV_34	Enterobacteriaceae	0.905897377580839				d__Bacteria; p__Proteobacteria; c__Gammaproteobacteria; o__Enterobacterales; f__Enterobacteriaceae		standard_species_table_fallback
mortality	species33	Curtobacterium sp.2	Curtobacterium sp.2	Curtobacterium		b0fe8eac209ae6ea5ed9efaa7cfcf9b0	ASV_35	Microbacteriaceae	0.8346936880713285				d__Bacteria; p__Actinobacteriota; c__Actinobacteria; o__Micrococcales; f__Microbacteriaceae; g__Curtobacterium		standard_species_table_fallback
mortality	species34	Unclassified_Comamonadaceae sp.1	Unclassified_Comamonadaceae sp.1	Unclassified_Comamonadaceae		7bae376e41b6259952179d259f069c1e	ASV_36	Comamonadaceae	0.9999543775966574				d__Bacteria; p__Proteobacteria; c__Gammaproteobacteria; o__Burkholderiales; f__Comamonadaceae		standard_species_table_fallback
mortality	species35	Bacillus sp.6	Bacillus sp.6	Bacillus		57420fd8440e7609b3382ea0f75e0dc8	ASV_40	Bacillaceae	0.9448915234891244				d__Bacteria; p__Firmicutes; c__Bacilli; o__Bacillales; f__Bacillaceae; g__Bacillus		standard_species_table_fallback
mortality	species36	Microbacterium sp.2	Microbacterium sp.2	Microbacterium		ead596aa7c6847271fdaa9d0dc36d02b	ASV_41	Microbacteriaceae	0.985865889863452				d__Bacteria; p__Actinobacteriota; c__Actinobacteria; o__Micrococcales; f__Microbacteriaceae; g__Microbacterium		standard_species_table_fallback
mortality	species37	Paenibacillus sp.1	Paenibacillus sp.1	Paenibacillus		632e3cf2a03ad2a361295605a9e2774d	ASV_43	Paenibacillaceae	0.9999873600499232				d__Bacteria; p__Firmicutes; c__Bacilli; o__Paenibacillales; f__Paenibacillaceae; g__Paenibacillus		standard_species_table_fallback
mortality	species38	Paenibacillus sp.2	Paenibacillus sp.2	Paenibacillus		ff4b74ec14ac8f9e2aca6f3b5d9cdee0	ASV_44	Paenibacillaceae	0.998223912462075				d__Bacteria; p__Firmicutes; c__Bacilli; o__Paenibacillales; f__Paenibacillaceae; g__Paenibacillus		standard_species_table_fallback
temperature	species1	Klebsiella sp.1	Klebsiella sp.1	Klebsiella	Klebsiella aerogenes	a9b9df2026b59ac90c7059e630a01041	ASV_1		1.0				d__Bacteria; g__Klebsiella; s__Klebsiella aerogenes		standard_species_table_fallback
temperature	species2	Klebsiella sp.2	Klebsiella sp.2	Klebsiella	Klebsiella variicola	102c2a7e35054842305d377f20eada37	ASV_2		1.0				d__Bacteria; g__Klebsiella; s__Klebsiella variicola		standard_species_table_fallback
temperature	species3	Bacillus sp.1	Bacillus sp.1	Bacillus	Bacillus bruguierae	b9779a83e705307c6596e4741240726c	ASV_3		1.0				d__Bacteria; g__Bacillus; s__Bacillus bruguierae		standard_species_table_fallback
temperature	species4	Paenibacillus sp.1	Paenibacillus sp.1	Paenibacillus	Paenibacillus cookii	5d2d78489042634629e229ace1e0ce56	ASV_4		1.0				d__Bacteria; g__Paenibacillus; s__Paenibacillus cookii		standard_species_table_fallback
temperature	species5	Chryseobacterium sp.1	Chryseobacterium sp.1	Chryseobacterium	Chryseobacterium timonianum	7e65f9a2a19cb9e711e4328b90cc2c3c	ASV_6		0.9973				d__Bacteria; g__Chryseobacterium; s__Chryseobacterium timonianum		standard_species_table_fallback
temperature	species6	Bacillus sp.2	Bacillus sp.2	Bacillus	Bacillus velezensis	2990b08e6fdd30ce626c1f5d8d026587	ASV_5		1.0				d__Bacteria; g__Bacillus; s__Bacillus velezensis		standard_species_table_fallback
temperature	species7	Pantoea sp.1	Pantoea sp.1	Pantoea	Pantoea coffeiphila	dce7f2220f3fc50b1b449a69ce504c30	ASV_7		1.0				d__Bacteria; g__Pantoea; s__Pantoea coffeiphila		standard_species_table_fallback
temperature	species8	Burkholderia sp.1	Burkholderia sp.1	Burkholderia	Burkholderia puraquae	71243f86c470ff2e90cecacd72cc2208	ASV_8		1.0				d__Bacteria; g__Burkholderia; s__Burkholderia puraquae		standard_species_table_fallback
temperature	species9	Phytobacter sp.1	Phytobacter sp.1	Phytobacter	Phytobacter palmae	9fc2e45508169af54c1bf9da5c2d6f41	ASV_9		1.0				d__Bacteria; g__Phytobacter; s__Phytobacter palmae		standard_species_table_fallback
temperature	species10	Staphylococcus sp.1	Staphylococcus sp.1	Staphylococcus	Staphylococcus aureus	3a8a7409bdc33da14a01ec3e3313b9a7	ASV_10		1.0				d__Bacteria; g__Staphylococcus; s__Staphylococcus aureus		standard_species_table_fallback
temperature	species11	Pseudomonas sp.1	Pseudomonas sp.1	Pseudomonas	Pseudomonas caspiana	727a1bc7bf5ce7252f2e59f7b3ebc105	ASV_11		1.0				d__Bacteria; g__Pseudomonas; s__Pseudomonas caspiana		standard_species_table_fallback
temperature	species12	Stenotrophomonas sp.1	Stenotrophomonas sp.1	Stenotrophomonas	Stenotrophomonas pavanii	41f01f3e3cbf6beb908ae1ebb553208e	ASV_12		1.0				d__Bacteria; g__Stenotrophomonas; s__Stenotrophomonas pavanii		standard_species_table_fallback
temperature	species13	Flavobacterium sp.1	Flavobacterium sp.1	Flavobacterium	Flavobacterium acidificum	b282257dd6b7db30127a9fbbac387d3e	ASV_13		1.0				d__Bacteria; g__Flavobacterium; s__Flavobacterium acidificum		standard_species_table_fallback
temperature	species14	Staphylococcus sp.2	Staphylococcus sp.2	Staphylococcus	Staphylococcus saprophyticus	8d1dd222f19ae53014133f3d67f5d639	ASV_15		1.0				d__Bacteria; g__Staphylococcus; s__Staphylococcus saprophyticus		standard_species_table_fallback
temperature	species15	Curtobacterium sp.1	Curtobacterium sp.1	Curtobacterium	Curtobacterium gossypii	2555fc13894b5e276d6ac78f0f4523ef	ASV_16		1.0				d__Bacteria; g__Curtobacterium; s__Curtobacterium gossypii		standard_species_table_fallback
temperature	species16	Paenibacillus sp.2	Paenibacillus sp.2	Paenibacillus	Paenibacillus wenxiniae	90c6ca530feb88b8942b2ac321fcd56f	ASV_17		1.0				d__Bacteria; g__Paenibacillus; s__Paenibacillus wenxiniae		standard_species_table_fallback
temperature	species17	Microbacterium sp.1	Microbacterium sp.1	Microbacterium	Microbacterium galbum	5441bf2a859d6831612daa777f982d82	ASV_20		1.0				d__Bacteria; g__Microbacterium; s__Microbacterium galbum		standard_species_table_fallback
temperature	species18	Burkholderia sp.2	Burkholderia sp.2	Burkholderia	Burkholderia paludis	b64cf0e9dea8cef6b9500b364c179b98	ASV_21		1.0				d__Bacteria; g__Burkholderia; s__Burkholderia paludis		standard_species_table_fallback
temperature	species19	Pantoea sp.2	Pantoea sp.2	Pantoea	Pantoea coffeiphila	ca97920f11565fb3d491f752f91bbb0e	ASV_22		0.99732				d__Bacteria; g__Pantoea; s__Pantoea coffeiphila		standard_species_table_fallback
temperature	species20	Bacillus sp.3	Bacillus sp.3	Bacillus	Bacillus bruguierae	6d15de14e1e3b8124a5745c02e9e92ea	ASV_23		0.99733				d__Bacteria; g__Bacillus; s__Bacillus bruguierae		standard_species_table_fallback
temperature	species21	Bacillus sp.4	Bacillus sp.4	Bacillus	Bacillus bruguierae	b4e6236b954b74e919a851827e00e014	ASV_26		0.99733				d__Bacteria; g__Bacillus; s__Bacillus bruguierae		standard_species_table_fallback
temperature	species22	Pantoea sp.3	Pantoea sp.3	Pantoea	Pantoea dispersa	246c8257fd5ad08382840ca81a417f91	ASV_27		0.99732				d__Bacteria; g__Pantoea; s__Pantoea dispersa		standard_species_table_fallback
temperature	species23	Pandoraea sp.1	Pandoraea sp.1	Pandoraea	Pandoraea faecigallinarum	2556822550fb3a55f8f74ef58112cf0b	ASV_28		1.0				d__Bacteria; g__Pandoraea; s__Pandoraea faecigallinarum		standard_species_table_fallback
temperature	species24	Staphylococcus sp.3	Staphylococcus sp.3	Staphylococcus	Staphylococcus aureus	a8760fa2cfa81b300bfcd9c40e492835	ASV_32		0.99733				d__Bacteria; g__Staphylococcus; s__Staphylococcus aureus		standard_species_table_fallback
temperature	species25	Staphylococcus sp.4	Staphylococcus sp.4	Staphylococcus	Staphylococcus aureus	0f89ba63b47f3b624c13293cb4d56486	ASV_34		0.99733				d__Bacteria; g__Staphylococcus; s__Staphylococcus aureus		standard_species_table_fallback
