repository_path,original_path,original_sha256
model/run.py,code/model_upload_clean/run.py,d09d60c8bf0b3dcfe3899addfeb1b2d4097444d4a60323504f3726d3980b21a2
model/PROJECT_STRUCTURE.md,code/model_upload_clean/PROJECT_STRUCTURE.md,b5a248a662787918fee572cd9fa08ea3fd687c306b97c96749a4ba7bc798fe9a
model/requirements.txt,code/model_upload_clean/requirements.txt,aefd215b9977300d66490cacf6f1a813f8b76c9a7fa01601edec4fd0aaeb5cd6
model/environment.yml,code/model_upload_clean/environment.yml,bb243822c73f234ecbc675f3b648cf56c311b8c05fb0b5908956ec020cdb1b9d
model/pyproject.toml,code/model_upload_clean/pyproject.toml,1e12910941773a0f6d85e017f19eb49abfaf11a07bc7be922e57ad97b8387f7b
model/README.md,code/model_upload_clean/README.md,6b5bde82f584af84bf86c3d5d9934758b6baaec85f6c2dccf860f7ecb333b3f2
model/FIGURE_OUTPUTS.md,code/model_upload_clean/FIGURE_OUTPUTS.md,0bade36d311dfed1a600b01c59018d1b9763fe41223f27a5a296c9a47dd15194
model/REPRODUCE.md,code/model_upload_clean/REPRODUCE.md,2acd1527ac34ecb3debc5ccc59c74320fec23a0824886bdb24cb23288fd196ed
model/MODEL_SPEC.md,code/model_upload_clean/MODEL_SPEC.md,735835fcbb86b44e41c9b589a629c11686e8369363e8f8ec4c70139f14e54408
model/slurm/submit_phase_r_h_gnormal_sd3_R1_sparse6_tri_S1_S12_S24_h015_e5000.sh,code/model_upload_clean/slurm/submit_phase_r_h_gnormal_sd3_R1_sparse6_tri_S1_S12_S24_h015_e5000.sh,41ac483e4f849ac66f7291474f5147793210ec11a7cc8ec7b9241b1373bd5f16
model/slurm/submit_postprocess_phase_r_h_gnormal_sd3_R1_sparse6_tri.sh,code/model_upload_clean/slurm/submit_postprocess_phase_r_h_gnormal_sd3_R1_sparse6_tri.sh,e8cf530b4c1edb183bfa0a858b8565acefa10b362adc78e2c5c50eccf9817555
model/slurm/submit_postprocess_phase_r_h_gnormal_sd3_R1_sparse6_tri_S1_S12_S24_h015_e5000.sh,code/model_upload_clean/slurm/submit_postprocess_phase_r_h_gnormal_sd3_R1_sparse6_tri_S1_S12_S24_h015_e5000.sh,0889a04a28f745069c566efb0d05c21b2f0d661f54976726f1d17c7daa7393df
model/slurm/submit_phase_r_h_gnormal_sd3_R1_sparse6_tri.sh,code/model_upload_clean/slurm/submit_phase_r_h_gnormal_sd3_R1_sparse6_tri.sh,d971c573116fd2ebc3e2f6966a08f664696fc0882c4dd0caba7bb596c062133a
model/experiments/emergent_oscillation_v3/README.md,code/model_upload_clean/experiments/emergent_oscillation_v3/README.md,03477ee9c9ea90886c8942c7f8dea4a1e11839ef4e16fea633d73b70c7e6d535
model/experiments/emergent_oscillation_v3/plot_statistics.py,code/model_upload_clean/experiments/emergent_oscillation_v3/plot_statistics.py,aa31d1237afe397b4055eefe4385c726fea451b9b9d836d23c08077bc3256407
model/experiments/emergent_oscillation_v3/run_experiment.py,code/model_upload_clean/experiments/emergent_oscillation_v3/run_experiment.py,6013f964d09eabb9e34e6536a4606a39aa5521985812236546b947dfa207c062
model/configs/phase_r_h_gnormal_sd3_R1_sparse6_tri_S12_h015_e5000.yaml,code/model_upload_clean/configs/phase_r_h_gnormal_sd3_R1_sparse6_tri_S12_h015_e5000.yaml,92e22e26f8d355a16e2503990cafe2019353a439a830c3804f5181c9dd42dc6a
model/configs/phase_r_h_gnormal_sd5_R05_sparse6_tri.yaml,code/model_upload_clean/configs/phase_r_h_gnormal_sd5_R05_sparse6_tri.yaml,1cbf12ef6c07de8651c05de76bf74b3a3ae2d769d27faea80324dc0c5cad6742
model/configs/s_scaling_gamma_m10_p10.yaml,code/model_upload_clean/configs/s_scaling_gamma_m10_p10.yaml,007401e370e10599cc6a58a66be7d248d6b56f75ccec3dd6ec846811483b4f54
model/configs/phase_r_h_gm8p10_tri.yaml,code/model_upload_clean/configs/phase_r_h_gm8p10_tri.yaml,5ecd6dbb2aab21857e851dbe125c80f4040f44c7e7a5c75babb21479dc4ada67
model/configs/phase_r_f.yaml,code/model_upload_clean/configs/phase_r_f.yaml,c9786624c4e6bd92d537c3944404275d3518e3c2e3b4161aacd9a77ef0ee6893
model/configs/phase_r_h_gnormal_sd3_R1_sparse6_tri_S1_h015_e500.yaml,code/model_upload_clean/configs/phase_r_h_gnormal_sd3_R1_sparse6_tri_S1_h015_e500.yaml,c6d9f71fb73a74b751bd788aff6eaed885912ae81722f650735c3f4ac39577be
model/configs/phase_r_h_tophat_g50_e500.yaml,code/model_upload_clean/configs/phase_r_h_tophat_g50_e500.yaml,373187edbaef343d8ede6aeda32d9b54d983add9f703a8e67942410f90e2082d
model/configs/phase_r_h_tophat.yaml,code/model_upload_clean/configs/phase_r_h_tophat.yaml,ec0ef70802182974809f6a3cd03da4a9bbafcf34f44dedc0adc10fbd381783a0
model/configs/phase_r_h_gnormal_sd3_R1_sparse6_tri.yaml,code/model_upload_clean/configs/phase_r_h_gnormal_sd3_R1_sparse6_tri.yaml,9ef409269a608d3264d39aa13e8e7bfd1b5a950d8b066f9234184e091c30b605
model/configs/phase_r_h.yaml,code/model_upload_clean/configs/phase_r_h.yaml,380f0997462950c47ef3fb3864aaeca21ef11504978ddaa84da2d53766ea19e3
model/configs/s_scaling_gamma_normal_sd5.yaml,code/model_upload_clean/configs/s_scaling_gamma_normal_sd5.yaml,46f4b78dbded15417498d050c88c5db870ad59ec9ee437f78f7ec8c9d842ee4e
model/configs/smoke_test.yaml,code/model_upload_clean/configs/smoke_test.yaml,3e14977e8a2def9a319d201891af0386abd0ed158f67339a498dea5f427b4a7c
model/configs/phase_r_h_gnormal_sd3_R1_sparse6_tri_S24_h015_e500.yaml,code/model_upload_clean/configs/phase_r_h_gnormal_sd3_R1_sparse6_tri_S24_h015_e500.yaml,99765ab0028321ef9862a900887960d85ee6683d01f93e9345fa4ba1fee24a96
model/configs/base.yaml,code/model_upload_clean/configs/base.yaml,a08431512d9a03ef570bc668a6fc59a425f81e6090b7d8c776297433f123877f
model/configs/prelim/gamma_m10_p10.yaml,code/model_upload_clean/configs/prelim/gamma_m10_p10.yaml,a1e368d947b3b10c9bc1ac2c77aa4f4cf0e7a4738f09594adc7456c435d0e975
model/configs/prelim/gamma_zero.yaml,code/model_upload_clean/configs/prelim/gamma_zero.yaml,b195318cc682855ab582f4b28a4ea64d262623d6470a81577f2928475ab67d05
model/configs/sensitivity/single_shaper.yaml,code/model_upload_clean/configs/sensitivity/single_shaper.yaml,e516ab3a05e1977bcaff0912c3946fab0365638d0d34d35be78d3f3bf63e4764
model/configs/sensitivity/S_1.yaml,code/model_upload_clean/configs/sensitivity/S_1.yaml,fbe4c664a0021e326614dc41a15633030f2b15349132e37304e555f4f039ae2f
model/configs/sensitivity/S_48.yaml,code/model_upload_clean/configs/sensitivity/S_48.yaml,cb5d85678f0d63815275fcc8289171eedbbfd9de19b491d5cf2fe16b200d3130
model/configs/sensitivity/gamma_symmetric.yaml,code/model_upload_clean/configs/sensitivity/gamma_symmetric.yaml,ea3055263088d88a91ccba704546f98a92ce9f687fc003d83dcba2ad0dfdf1e7
model/configs/sensitivity/S_24.yaml,code/model_upload_clean/configs/sensitivity/S_24.yaml,e242604f69425fe2b3afc6a3cb641cada30562f69d02bd5b5d88603878d2c107
model/configs/sensitivity/growth_cv_00.yaml,code/model_upload_clean/configs/sensitivity/growth_cv_00.yaml,6b50680c989ba54da8ed721d7f805941835ba18b7fc8bc76a5fd6969c43aaf4f
model/configs/sensitivity/gamma_m5_p10.yaml,code/model_upload_clean/configs/sensitivity/gamma_m5_p10.yaml,32744dde9c60e2f41ce6550283ce85eb0a2f719137b684653ae66ec1a185a06a
model/configs/sensitivity/dense_pref.yaml,code/model_upload_clean/configs/sensitivity/dense_pref.yaml,ab04a08fbd90f07dc92a67d7b4db8b83b840f09518afb70400cd8595974bb2bd
model/configs/sensitivity/S_36.yaml,code/model_upload_clean/configs/sensitivity/S_36.yaml,fe20527bfa559b76ef7ef45e14f47f725a3339c1643fe5da157cc4462a1aaec5
model/configs/sensitivity/growth_cv_03.yaml,code/model_upload_clean/configs/sensitivity/growth_cv_03.yaml,f9996557ecf86c2ed6daee60df2069e67f07706cd4201b4e9ac53177415590f1
model/scripts/smoke_test.py,code/model_upload_clean/scripts/smoke_test.py,484827dc2a14f00975d6a9776e2bbc3c3cc41253083cdc8999d5863ec56eb00d
model/scripts/plot_oscillating_communities.py,code/model_upload_clean/scripts/plot_oscillating_communities.py,4f8397f8d9116911c00bac2745a8071498911e0af0e2b09fd208e63804a1bc71
model/scripts/README.md,code/model_upload_clean/scripts/README.md,22039d1b89cb7c48778788d7e3190c0fbaa485dddc269f2dcdb8ebe94af06586
model/scripts/plot_community_cv_hist.py,code/model_upload_clean/scripts/plot_community_cv_hist.py,5f3ac1f8885894315e13e3e8cda7129103a63c646eec9771a510ca1ce0a93ea4
model/scripts/check_data_catalog.py,code/model_upload_clean/scripts/check_data_catalog.py,1b0eedde01c7ecb631e7e561ffa1be679c342d987448fc8adf5ca3a150576bb5
model/scripts/run_s_scaling.py,code/model_upload_clean/scripts/run_s_scaling.py,72a1a73bad64d5ae8e0cde090c78c4abe72fba8a6245c82c778e1cc756f12a75
model/scripts/plot/plot_all_stability_diversity_phase.py,code/model_upload_clean/scripts/plot/plot_all_stability_diversity_phase.py,afc3aa6dc1bac789ba14ce21eea54188a67b241542f265cbb836bf1fb31bcb4b
model/scripts/plot/plot_main_stability_diversity_phase.py,code/model_upload_clean/scripts/plot/plot_main_stability_diversity_phase.py,d76ec44b43d2b886977b20bde6027d4e5998c709c83a8046745a79eb7e957a5b
model/data/README.md,code/model_upload_clean/data/README.md,551238a59c0ffdc0366774cbd4e5bc7521538e02a2907372e4078cdb54e7d65f
model/data/runs/datasets.yaml,code/model_upload_clean/data/runs/datasets.yaml,7fb3a1737e0d843c031ff47a1c8d46c36e0e3a6a29f82a404a22b6e1040cc5d7
model/src/crmodel/__init__.py,code/model_upload_clean/src/crmodel/__init__.py,8cc33f293464ded270fdfdd3f969a942b965d9b555aebaa023aa2ce6729dc715
model/src/crmodel/analysis/metrics.py,code/model_upload_clean/src/crmodel/analysis/metrics.py,46616a2e24d360bbc843c180c1718886b1ddd5cb1f6b4a4a95676de96a727452
model/src/crmodel/analysis/__init__.py,code/model_upload_clean/src/crmodel/analysis/__init__.py,e4d59c099ee5af58561de7733651cd0d95a66de56fef23571a19955ba5e41924
model/src/crmodel/analysis/README.md,code/model_upload_clean/src/crmodel/analysis/README.md,7750d0e66b8e53b77d1cd252afaaeac6d712fdfd5f66020c0ff194d778eb5fc5
model/src/crmodel/analysis/metrics_last3.py,code/model_upload_clean/src/crmodel/analysis/metrics_last3.py,01bbf02e3dc790de511aa9e4edbad6c49155545122011ee4796357d8d2ff796c
model/src/crmodel/analysis/metrics_turnover_last10.py,code/model_upload_clean/src/crmodel/analysis/metrics_turnover_last10.py,34bdafe5c0e613aaf97a07c0ef04098a5ebed2c0a91927c870cbf24a5ad43809
model/src/crmodel/io/config.py,code/model_upload_clean/src/crmodel/io/config.py,6875271225ab0fc3f53edec0e9bdfcd5c89bbeec9c732141b3293bd8b2816700
model/src/crmodel/io/manifest.py,code/model_upload_clean/src/crmodel/io/manifest.py,6e0d29b6faaa1c8609ddb98dd21bbd5536936d638520d493a7e5c9a33f6c5fe3
model/src/crmodel/io/datasets.py,code/model_upload_clean/src/crmodel/io/datasets.py,72496cd66373520f2422214a814ba8efee4dfe93d9f3145e5530914da2120d38
model/src/crmodel/io/__init__.py,code/model_upload_clean/src/crmodel/io/__init__.py,3a0f98c9baa56938d93a10101cd465d64d231878d50d58e89f334385127d467f
model/src/crmodel/model/__init__.py,code/model_upload_clean/src/crmodel/model/__init__.py,a21a4a0527bd92cee9ec802920ad93f03041647605ac0e9843bdd712a72ab06d
model/src/crmodel/model/core.py,code/model_upload_clean/src/crmodel/model/core.py,4e8f9a40629686f3bf1385c6524be3d42f3054b05d8e7a34a65babbd02d281c3
model/src/crmodel/model/traits.py,code/model_upload_clean/src/crmodel/model/traits.py,80859dd959e0597b5eba598d12531462f490e19a5a02441e31a222ef578cd6a4
model/src/crmodel/model/resources.py,code/model_upload_clean/src/crmodel/model/resources.py,c61a19f6dd85cd0541b5632bda6e728c99e63e1272ebf9e6760797d507a6aaf8
analysis/communities/calculate_mechanism_axes.py,code/workplace_final/calculate_mechanism_axes.py,93b11ef9c4d845cc0ccb5f62baf6e2054951ba201ce943e2c53a7f6770f61517
analysis/communities/compute_fluctuations.py,code/workplace_final/compute_fluctuations.py,21f1c6705bc6d6bee36ec7ac725f3b58cae3b5d531d589a9872aca53f4dd5f90
analysis/communities/plot_cv_temporal_bc_correlation.R,code/workplace_final/plot_cv_temporal_bc_correlation.R,efcbde46313ef6a5a923910ede2d21ca0932e4c6e8b06a14cc038d17e5114b50
analysis/communities/rvstemperature.R,code/workplace_final/rvstemperature.R,bf7de720ff315dcc46c07fca9e1f624cc44d158288426f44c294427642f3fd14
analysis/communities/plot_od_ph_supplement.R,code/workplace_final/plot_od_ph_supplement.R,0ff2d51b8cf60159a5b501de4d0cb511a9de1f718dca8debe0f620b84225a7a5
analysis/communities/plot_species_decomposition.R,code/workplace_final/plot_species_decomposition.R,dd7bade62626ce6f46ea8a7dc4c2840a9f307089c9ff52e68b58ff5b671ad315
analysis/communities/plot_mechanism_axes.R,code/workplace_final/plot_mechanism_axes.R,ba8af1798934fd4618d3e577f6513ece3cfdb8ba4697604f64335f700a33f0a3
analysis/communities/calculate_systematic_significance_tests.R,code/workplace_final/calculate_systematic_significance_tests.R,90923ef249eab29e93e712b75a8fb1d75554127e4631e4b4698afc87559a1074
analysis/communities/figure4_sum_abs_std.R,code/workplace_final/figure4_sum_abs_std.R,a428203e7f7f9d404db62f03714ff1f5f305b6c204825a8aed38cc0ebfe5a4a8
analysis/communities/plot_species_temperature.R,code/workplace_final/plot_species_temperature.R,21a971edab1463553c388fb99789d921151692d94ae82e68a76c805d53816bee
analysis/communities/plot_community_cv_threshold_robustness.R,code/workplace_final/plot_community_cv_threshold_robustness.R,ce29c5fe385bf6185b11962e4e11a977b464d8c6217051084a36cff6c136bd31
analysis/communities/plot_summary_24h_temperature.R,code/workplace_final/plot_summary_24h_temperature.R,e388cd836358830694e9732c375644dbed26e71ba1b1f2834d36be0d37f87320
analysis/communities/plot_fluctuation_ranks.R,code/workplace_final/plot_fluctuation_ranks.R,450022cdbdd31f62abd51a7d19ea5496dd07cf3ce2e959ec9c572da98bc01ad9
analysis/communities/plot_abundance.R,code/workplace_final/plot_abundance.R,e1a96dcc8b02eef1bcc38b314ed509bb3e5ed5c77da137db9c7360816c544591
analysis/communities/calculate_species_decomposition.py,code/workplace_final/calculate_species_decomposition.py,123f2c878622ac99be7a427d707661d2f1ee61522998cb27e848773c83199cec
analysis/communities/plot_diversity_cv_halves.R,code/workplace_final/plot_diversity_cv_halves.R,d9273ab33e4cb38e78c0d210309e24886b7b64d26e885b453924f6c1e35d0915
analysis/communities/compute_diversity.py,code/workplace_final/compute_diversity.py,a64387f002d645cf8e7c413b2862b9f3ae12cffc9812f355a7feaba4b6891aad
analysis/communities/plot_biomass.R,code/workplace_final/plot_biomass.R,9d1fa586b77e34bd16900cfa00a6d46d827a66917d7cfda1a37bcd03d172d65f
analysis/communities/plot_diversity_flucstable.R,code/workplace_final/plot_diversity_flucstable.R,aa246dd3ae07991fc123210cb5d28b6c71b8ccb0e40caea55bd2b732bdcc1f37
analysis/communities/plot_fluctuation_proportion.R,code/workplace_final/plot_fluctuation_proportion.R,872454db21d65dc16f558d13559dbe1a4ac5516d92b900d2cb03726e007d4878
analysis/communities/process_abundance.py,code/workplace_final/process_abundance.py,6c7b1b070d8c3021918bdbf6291a6ebbfafcd8f507e6de1a002ec6fead4d1d60
analysis/communities/plot_community_cv_window_robustness.R,code/workplace_final/plot_community_cv_window_robustness.R,39103a37cb3904eb7086a79c27b5fc2fde797bfbf51c439d8a6d12d6bd109e05
analysis/communities/plot_diversity.R,code/workplace_final/plot_diversity.R,c6ce20ce1f54b4fcfd59a02d19e427829ca731788d9eb6b1901a1787b9991dde
analysis/communities/diversity_distribution.R,code/workplace_final/diversity_distribution.R,3b8b2e535898da9e601265e660f7c55dfe2ab4d339e653dfdb54414a0583c432
analysis/communities/preview_palette.py,code/workplace_final/preview_palette.py,126d98639fab5a61025b69d27fe6492ca0479fa41b95e44deb55791e4cba4442
analysis/communities/plot_diversity_instability.R,code/workplace_final/plot_diversity_instability.R,12e299492fde00e748ed3c5537f8f71d2dde80658bd9c61ef58646a9a0495850
analysis/communities/plot_community_cv_sum_std_dual_axis.R,code/workplace_final/plot_community_cv_sum_std_dual_axis.R,c071aac7b043d68336daf4f138d2c9eff7f2108272e073ff8f45f15c71a5e6c3
analysis/communities/figure4_sum_abs_std_log.R,code/workplace_final/figure4_sum_abs_std_log.R,a05e68678045090fc94f56c038cd00c8f0594f1cfcd003aad1f4d0bf9d409c19
analysis/communities/process_abundance_copynumber.py,code/workplace_final/process_abundance_copynumber.py,14f5607e683548d9126fb659cbb4fc633d9cbc5c28373564fa007ceb92f2f63f
analysis/communities/plot_diversity_instability_ICV.R,code/workplace_final/plot_diversity_instability_ICV.R,0f479febadc470b74d0c586cb82a2cca12d2a7c5ec87179c1bbd8b3a5a3f6da7
analysis/communities/plot_total_biomass_std_vs_rel_cv.py,code/workplace_final/plot_total_biomass_std_vs_rel_cv.py,82374cb02aea36f7e5abd5e8122f2bb668b945e121e68a5589967c44b0d71189
analysis/communities/plot_taxon_heatmap.R,code/workplace_final/plot_taxon_heatmap.R,fc798a779661eb6c050bfe9e2ec0e993224eeae6c5448516be1ee7d988913621
analysis/communities/compute_community_cv_window_robustness.py,code/workplace_final/compute_community_cv_window_robustness.py,507a8b06973df4eb813ad172b78168d79817c027d8e78a1982db0fe0ec9443c3
analysis/communities/figure4.R,code/workplace_final/figure4.R,8a1df81d4890113ad5b109f470aa0bff1aa14e87a171658f8454c6598279a334
analysis/communities/data/Temperature_OD_Unified.xlsx,code/workplace_final/data/Temperature_OD_Unified.xlsx,5d3bdcd47b6fbf688df108cffa2856bf23ac8c9f380986a2911d6b345a857f12
analysis/communities/data/Unified_species_annotations.xlsx,code/workplace_final/data/Unified_species_annotations.xlsx,82271e9c69a9d2f7539ed011f21c18b6541e7edc85ca8fdab73252be2238ee96
analysis/communities/data/Temperature_pH_Unified.xlsx,code/workplace_final/data/Temperature_pH_Unified.xlsx,b13fbdfaa811e7370138fa28054defb870a0f27e3cd2e4f6db21a604962df0b7
analysis/communities/data/Mortality_Unified.xlsx,code/workplace_final/data/Mortality_Unified.xlsx,016b9620bd0dc8f299a57134975b896f03eb343f21f9fe0ba2fa9e43cbc4687b
analysis/communities/data/Mortality_OD_Unified.xlsx,code/workplace_final/data/Mortality_OD_Unified.xlsx,081e5d1bf2efb7c4bb4d60f67b7ad91741aea0a48c6fc495890cb4d70e409e58
analysis/communities/data/Mortality_pH_Unified.xlsx,code/workplace_final/data/Mortality_pH_Unified.xlsx,d70adfb23e07e32809ad3e117eb7f267d114e50cd6f7616376e01a7211fcddbe
analysis/communities/data/Unified_community_species_annotations.tsv,code/workplace_final/data/Unified_community_species_annotations.tsv,e4ad4ee0e86181ba8f1691639811a42d889e391f0b0e0e9668273894e226354e
analysis/communities/data/Temperature_Unified.xlsx,code/workplace_final/data/Temperature_Unified.xlsx,7ce296325657af1dc47b490bbbb2360bdbb312578298bbba154de0330e6c56fd
analysis/communities/data/Unified_species_annotation_mapping.tsv,code/workplace_final/data/Unified_species_annotation_mapping.tsv,a030b5caa7eb3aa45907340573fd3ffb60d7fcfe9ed711945902bac57be5a378
analysis/communities/data/Summary.xlsx,code/workplace_final/data/Summary.xlsx,48ed6c0f2c4a19960b56692f369ae3f8b05456ef2ef055f59da40b109f10e1aa
analysis/isolates/plot_overview.py,code/within cycle/plot_overview.py,b9c8c0c04e236a678451d8a779cec5f329c710be3c1f10e3dbfdc55b358e3415
analysis/isolates/plot_all_species_od_cfu_ph.py,code/within cycle/plot_all_species_od_cfu_ph.py,2ce4e38c2ec6186d5158a0ab6230e2d89108ed3eee202831773fbe4a8e069ec4
analysis/isolates/plot_24h_endpoint.py,code/within cycle/plot_24h_endpoint.py,8c15f45fad55f318448f029642c5d350d9aa29621b6e74b74d320dace1c6a0ed
analysis/isolates/organize_figures.py,code/within cycle/organize_figures.py,6b9f1531a3a9e921236fc7a848cf6fdb59f54ed03e422f0b43c3b3b99006ea76
analysis/isolates/plot_growth_rate.py,code/within cycle/plot_growth_rate.py,6d0d1e1f60edb710cea3b7f5ad0aa9bde266e16a6fbb416781f6eeb694bf27a0
analysis/isolates/plot_death_examples.py,code/within cycle/plot_death_examples.py,f24c82997108a51e57b2f203db8581505c10a54616a41e310acf2206fd9212be
analysis/isolates/plot_growth.py,code/within cycle/plot_growth.py,2a453c7c02e2e7e17f2355cff1b014880ca01fa252c9063d1cb5690e185226aa
analysis/isolates/plot_ratio_vs_pH.py,code/within cycle/plot_ratio_vs_pH.py,b058282c3cb6fb32ddec87cd94e0fdd7a752c6170460cdcb2ff1d0cab6270ea1
analysis/isolates/plot_end_of_cycle.py,code/within cycle/plot_end_of_cycle.py,520e6eda2466717a6b559cc640631335df2deb30a54b307baf9beeb56c1134f1
analysis/isolates/plot_death_rate_analysis.py,code/within cycle/plot_death_rate_analysis.py,c2a4ddfebff5ceec92920f6bdf53272160d467ebdcc6e2207ebdbc82b9481acb
analysis/isolates/Summary.xlsx,code/within cycle/Summary.xlsx,5793eb3598ce9c1b288a6634d2bce4208daddc59c72e9bcf3cf8bb9879d7c3c2
sequencing/Tem_scripts/run_temperature_qiime2.sh,code/sequence pipeline/Tem_scripts/run_temperature_qiime2.sh,8d4cef4138be8ac71a06fcf14c0de0544ef3289a749184f572a8271390c01a27
sequencing/Tem_scripts/generate_manifest.py,code/sequence pipeline/Tem_scripts/generate_manifest.py,086818d94b142d0a801f52cbace7d9aefbb48e526a4508cc3e6737c65d035117
sequencing/Tem_scripts/submit_temperature_summarize.sh,code/sequence pipeline/Tem_scripts/submit_temperature_summarize.sh,f5c535b3bb9bcd57b098cb9aaa955cbb9817118e40aaef41ae834d77bef1b274
sequencing/Tem_scripts/submit_temperature_qiime2.sh,code/sequence pipeline/Tem_scripts/submit_temperature_qiime2.sh,f7d028855ab9833d8c9329f17df4b7e24f669a2c0146e7daa5bfb78d31d26d8e
sequencing/Mor_scripts/submit_mortality_qiime2.sh,code/sequence pipeline/Mor_scripts/submit_mortality_qiime2.sh,0b902d9cfd8789c10154d90059336eaa8b336910b1d5da64203eadeb190ac3ea
sequencing/Mor_scripts/generate_manifest_mortality.py,code/sequence pipeline/Mor_scripts/generate_manifest_mortality.py,bafc3634c1f4207dfb45e70be87f17915c21f1643ba9d3b72320695b88fb03bf
sequencing/Mor_scripts/run_mortality_qiime2.sh,code/sequence pipeline/Mor_scripts/run_mortality_qiime2.sh,89ea13c4fa01deea4827a4cf22354e96c895bca8c182393fab60a6a5be4bf443
sequencing/sequence_data/pipeline/build_pairwise_strict_trait_merge.py,code/sequence pipeline/sequence_data/pipeline/build_pairwise_strict_trait_merge.py,aaaafa9e8c450f21a76c7c51ee4dfd1cb09975b87f59044c17f4f639ee445db4
sequencing/sequence_data/pipeline/annotate_species_local_blast.py,code/sequence pipeline/sequence_data/pipeline/annotate_species_local_blast.py,fc1ba5d468a745cb5d399718143624c3f768c2369f44fda72783d3475228c816
sequencing/sequence_data/pipeline/build_trait_measurement_merge.py,code/sequence pipeline/sequence_data/pipeline/build_trait_measurement_merge.py,bb32d08654157340992e5fdbac8d87f8a48cbff5529e5177cf08a943896ee125
sequencing/sequence_data/pipeline/synthetic_community_pipeline.py,code/sequence pipeline/sequence_data/pipeline/synthetic_community_pipeline.py,72f94b323da20328b682d0539bab8c220c89d59b8594f71c808825e11c58ef3c
sequencing/sequence_data/pipeline/annotate_all_asvs_local_blast.py,code/sequence pipeline/sequence_data/pipeline/annotate_all_asvs_local_blast.py,c2ad0ffd93850af0adfef05c3457e5bf6260564d13c6a7d2b2924fa98d139d34
sequencing/sequence_data/pipeline/README.md,code/sequence pipeline/sequence_data/pipeline/README.md,5d0cdb145204debd0c95e50557b66210505ea289e9dfc1d847818cb1f782f2c7
sequencing/sequence_data/pipeline/build_unified_standard_annotations.py,code/sequence pipeline/sequence_data/pipeline/build_unified_standard_annotations.py,c355e81f29beab78ab0fc2b6dc20f40eff1a9b2aac61d720d81656f75def4621
sequencing/sequence_data/pipeline/build_strict_library_correspondence.py,code/sequence pipeline/sequence_data/pipeline/build_strict_library_correspondence.py,12aaf63ad2b4824466ca647193cec65940c2af4b0e0aee3619f3a79cba46d455
sequencing/sequence_data/pipeline/match_species_to_library.py,code/sequence pipeline/sequence_data/pipeline/match_species_to_library.py,973d014f179f6990f1b2b282812b6fc2d08985763c7c131fa5ef53d6aeda39d6
sequencing/sequence_data/All_Strains_Combined.fasta,code/sequence pipeline/sequence_data/All_Strains_Combined.fasta,59f9a19278ec72286a44452737d6247b5117161bc496549c4d966d8f318f44a7
sequencing/sequence_data/Library_taxonomy_groups_v3.xlsx,code/sequence pipeline/sequence_data/Library_taxonomy_groups_v3.xlsx,eaed8e284ac41a9197fd8de39763a8a73bcf71a96d5d2a7559a15cf623a149a6
